INSERT INTO products (product_id, name, price, category)
VALUES
(1, 'Apple MacBook Pro', 10.00, "tech"),
(2, 'Apple Macbook Air', 19.99, "tech"),
(2, 'Apple Macbook Air', 899.99, "tech"),
(3, 'HP Chromebook', 174.99, "tech"),
(3, 'HP Chromebook', 174.99, "tech"),
(3, 'HP Chromebook', 174.99, "tech"),
(4, 'Samsung TV', 248.00, "tech"),
(5, 'Spectre Monitor', 108.00, "tech"),
(6, 'Apple iPhone 16', 800.00, "tech"),
(6, 'Apple iPhone 16', 800.00, "tech"),
(7, 'Batman Action Figure', 20.00, "toys/games"),
(8, 'Barbie Doll', 20.00, "toys/games"),
(8, 'Barbie Doll', 20.00, "toys/games"),
(9, 'RC Car', 30.00, "toys/games"),
(10, 'Slime', 10.00, "toys/games"),
(11, 'Nintendo Switch 2', 499.99, "toys/games"),
(12, 'Playstation 5', 499.99, "toys/games"),
(12, 'Playstation 5', 499.99, "toys/games"),
(13, 'Xbox Series X', 549.99, "toys/games"),
(13, 'Xbox Series X', 549.99, "toys/games"),
(14, 'Air Jordan 1 shoes', 99.99, "clothing/shoes"),
(15, 'Polo Shirt', 19.99, "clothing/shoes"),
(15, 'Polo Shirt', 19.99, "clothing/shoes"),
(16, "Men's Cargo Pants", 22.99, "clothing/shoes"),
(16, "Men's Cargo Pants", 22.99, "clothing/shoes"),
(17, "Hoka Running Shoes", 155.00, "clothing/shoes"),
(18, "H'M Woman's Dress", 60.00, "clothing/shoes"),
(18, "H'M Woman's Dress", 60.00, "clothing/shoes"),
(19, "Woman's Cargo Pants", 22.99, "clothing/shoes"),
(19, "Woman's Cargo Pants", 22.99, "clothing/shoes"),
(20, "Wilson Football", 20.99, "outdoors"),
(21, "Tent", 80.99, "outdoors"),
(21, "Tent", 80.99, "outdoors"),
(22, "Trampoline", 80.99, "outdoors"),
(23, "12 golf ball pack", 30.99, "outdoors"),
(23, "12 golf ball pack", 30.99, "outdoors"),
(24, "Hiking backpack", 30.99, "outdoors"),
(24, "Hiking backpack", 30.99, "outdoors"),
(24, "Hiking backpack", 30.99, "outdoors"),
(25, "Road Bike", 250.99, "outdoors"),
(26, "Body Wash", 10.00, "health"),
(27, "Shampoo", 8.00, "health"),
(27, "Shampoo", 8.00, "health"),
(28, "Acne Patches 30 pack", 15.00, "health"),
(29, "Lotion", 5.99, "health"),
(29, "Lotion", 5.99, "health"),
(30, "Facial Cleanser" , 9.99, "health"),
(30, "Facial Cleanser", 9.99, "health"),
(30, "Facial Cleanser", 9.99, "health"),
(31, "Ear Wax Removal Kit", 8.99, "health"),
(32, "Ruler", 4.99, "school"),
(33, "College-Ruled Notebook", 7.99, "school"),
(33, "College-Ruled Notebook", 7.99, "school"),
(34, "12-pack pencil kit", 12.99, "school"),
(35, "School Backpack", 15.99, "school"),
(36, "School Backpack", 15.99, "school"),
(36, "School Backpack", 15.99, "school"),
(36, "Pencil Pouch", 8.99, "school"),
(36, "Pencil Pouch", 8.99, "school"),
(36, "Pencil Pouch", 8.99, "school")
;


INSERT INTO inventory_info (product_id, product_name, in_stock, last_date, clearance)
VALUES
(1, 'Apple MacBook Pro', 1, '2005-01-01', 'yes'),
(2, 'Apple Macbook Air', 2, '2006-02-02', 'no'),
(3, 'HP Chromebook', 3, '2007-03-03', 'yes'),
(4, 'Samsung TV', 1, '2007-04-04','no'),
(5, 'Spectre Monitor', 1, '2008-05-05', 'yes'),
(6, 'Apple iPhone 16', 2, '2009-06-06', 'no'),
(7, 'Batman Action Figure', 1, '2010-07-07', 'yes'),
(8, 'Barbie Doll', 2, '2011-08-08', 'no'),
(9, 'RC Car', 1, '2012-09-09', 'yes'),
(10, 'Slime', 1, '2013-10-10', 'no'),
(11, 'Nintendo Switch 2', 1, '2014-11-11', 'yes'),
(12, 'Playstation 5', 2, '2015-12-12', 'no'),
(13, 'Xbox Series X', 2, '2016-01-13', 'yes'),
(14, 'Air Jordan 1 shoes', 1, '2017-02-14', 'no'),
(15, 'Polo Shirt', 2, '2018-03-15', 'yes'),
(16, "Men's Cargo Pants", 2, '2019-04-16', 'no'),
(17, "Hoka Running Shoes", 1, '2020-05-17', 'yes'),
(18, "H'M Woman's Dress", 2, '2021-06-18', 'no'),
(19, "Woman's Cargo Pants", 2, '2022-07-19', 'yes'),
(20, "Wilson Football", 1, '2023-08-20', 'no'),
(21, "Tent", 2, '2024-09-21', 'yes'),
(22, "Trampoline", 1, '2025-10-22', 'no'),
(23, "12 golf ball pack", 2, '2005-11-23', 'yes'),
(24, "Hiking backpack", 3, '2006-12-24', 'no'),
(25, "Road Bike", 1, '2007-01-25', 'yes'),
(26, "Body Wash", 1, '2008-02-26', 'no'),
(27, "Shampoo", 2, '2009-03-27', 'yes'),
(28, "Acne Patches 30 pack", 1, '2010-04-28', 'no'),
(29, "Lotion", 2, '2011-05-29', 'yes'),
(30, "Facial Cleanser", 3, '2012-06-30', 'no'),
(31, "Ear Wax Removal Kit", 1, '2013-07-31', 'yes'),
(32, "Ruler", 1, '2014-08-01', 'no'),
(33, "College-Ruled Notebook", 2, '2015-09-02', 'yes'),
(34, "12-pack pencil kit", 1, '2015-10-03', 'no'),
(35, "School Backpack", 3, '2016-11-04', 'yes'),
(36, "Pencil Pouch", 3, '2017-12-05', 'no')
;


INSERT INTO transactions(product_id, type, date, quantity, weather)
VALUES
(1, 'in_person', '2025-8-30', 1, 'sunny'),
(36, 'in_person', '2025-07-29', 2, 'sunny'),
(3, 'online', '2025-06-28', 1, 'sunny'),
(34, 'in_person', '2025-05-27', 1, 'rain'),
(5, 'online', '2025-04-26', 1, 'sunny'),
(32, 'online', '2025-03-25', 1, 'rain'),
(7, 'online', '2025-02-24', 1, 'snow'),
(30, 'online', '2025-01-23', 1, 'sunny'),
(9, 'in_person', '2024-12-22', 1, 'snow'),
(28, 'online', '2024-11-21', 1, 'snow'),
(11, 'in_person', '2024-10-20', 1, 'rain'),
(13, 'in_person', '2024-09-19', 1, 'sunny'),
(26, 'in_person', '2024-08-18', 1, 'sunny'),
(25, 'in_person', '2024-07-17', 1, 'rain'),
(23, 'in_person', '2024-06-16', 2, 'sunny'),
(15, 'online', '2024-05-15', 2, 'sunny'),
(21, 'online', '2024-04-14', 2, 'rain'),
(17, 'online', '2024-03-13', 1, 'rain'),
(19, 'in_person', '2024-02-12', 2, 'sunny'),
(2,  'online', '2023-01-01', 1, 'snow'),
(35, 'in_person', '2023-12-30', 2, 'snow'),
(4,  'in_person', '2023-11-29', 1, 'rain'),
(33, 'online', '2023-10-28', 2, 'sunny'),
(6,  'online', '2023-09-27', 1, 'sunny'),
(29, 'in_person', '2023-08-26', 1, 'rain'),
(8,  "in_person", '2023-07-25', 1, 'rain'),
(12, "online", '2023-06-24', 1, 'sunny'),
(24, "in_person", '2023-05-23', 1, 'rain'),
(29, 'in_person', '2023-08-22', 1, 'sunny'),
(36, 'in_person', '2023-07-21', 1, 'rain')
;

